"","track_title","album","length","popularity","danceability","acousticness","energy","liveness","loudness","speechiness","tempo","time_signature"
"1","I'm Only Me When I'm With You","Taylor Swift",213053,52,0.563,0.00452,0.934,0.103,-3.629,0.0646,143.964,4
"2","Invisible","Taylor Swift",203226,49,0.612,0.637,0.394,0.147,-5.723,0.0243,96.001,4
"3","A Perfectly Good Heart","Taylor Swift",220146,48,0.483,0.00349,0.751,0.128,-5.726,0.0365,156.092,4
"4","Teardrops on My Guitar - Pop Version","Taylor Swift",179066,49,0.459,0.0402,0.753,0.0863,-3.827,0.0537,199.997,4
"5","State Of Grace (Taylor's Version)","Red (Taylor's Version)",295413,69,0.594,0.000328,0.713,0.114,-5.314,0.0503,129.958,4
"6","Red (Taylor's Version)","Red (Taylor's Version)",223093,75,0.516,0.00108,0.777,0.0761,-4.908,0.0375,125.047,4
"7","Treacherous (Taylor's Version)","Red (Taylor's Version)",242720,68,0.645,0.0344,0.593,0.13,-6.506,0.0288,109.984,4
"8","I Knew You Were Trouble (Taylor's Version)","Red (Taylor's Version)",219760,73,0.584,0.0129,0.557,0.0576,-6.371,0.0342,154.008,4
"9","the 1","folklore",210251,74,0.777,0.757,0.357,0.108,-6.942,0.0522,139.883,4
"10","Haunted","Speak Now (Deluxe Package)",242093,53,0.434,0.0769,0.944,0.151,-2.641,0.0581,162.02,4
"11","cardigan","folklore",239560,78,0.613,0.537,0.581,0.25,-8.588,0.0424,130.033,4
"12","the last great american dynasty","folklore",230999,69,0.686,0.467,0.662,0.109,-8.505,0.0413,147.922,4
"13","exile (feat. Bon Iver)","folklore",285634,79,0.298,0.778,0.38,0.11,-8.426,0.0287,75.602,4
"14","my tears ricochet","folklore",255893,73,0.456,0.806,0.263,0.0749,-10.63,0.0332,129.86,4
"15","mirrorball","folklore",208977,71,0.553,0.687,0.413,0.0594,-10.037,0.0334,110.107,4
"16","seven","folklore",208906,69,0.596,0.9,0.488,0.091,-10.769,0.0274,94.926,4
"17","august","folklore",261922,79,0.532,0.538,0.623,0.0925,-9.208,0.0331,89.937,4
"18","All Too Well (Taylor's Version)","Red (Taylor's Version)",329160,74,0.44,0.0171,0.528,0.234,-7.809,0.0317,185.972,4
"19","22 (Taylor's Version)","Red (Taylor's Version)",230960,72,0.642,0.000443,0.695,0.0753,-5.62,0.0281,103.984,4
"20","I Almost Do (Taylor's Version)","Red (Taylor's Version)",244586,67,0.511,0.0167,0.559,0.113,-6.587,0.0264,145.88,4
"21","We Are Never Ever Getting Back Together (Taylor's Version)","Red (Taylor's Version)",193146,73,0.567,0.0317,0.686,0.0732,-6.139,0.175,172.014,4
"22","Last Kiss","Speak Now (Deluxe Package)",367146,55,0.359,0.581,0.329,0.0979,-9.531,0.0293,84.358,3
"23","Long Live","Speak Now (Deluxe Package)",317960,53,0.412,0.0426,0.682,0.106,-4.319,0.0339,203.959,4
"24","Stay Stay Stay (Taylor's Version)","Red (Taylor's Version)",205786,67,0.693,0.0848,0.681,0.0768,-7.039,0.025,100.02,4
"25","The Last Time (feat. Gary Lightbody of Snow Patrol) (Taylor's Version)","Red (Taylor's Version)",299080,68,0.502,0.0399,0.534,0.0977,-5.954,0.0278,94.05,4
"26","this is me trying","folklore",195097,72,0.515,0.314,0.476,0.171,-9.843,0.0328,135.886,4
"27","illicit affairs","folklore",190898,71,0.559,0.881,0.31,0.106,-10.445,0.0338,119.845,4
"28","invisible string","folklore",252880,70,0.653,0.838,0.452,0.108,-11.143,0.055,83.433,4
"29","Sad Beautiful Tragic (Taylor's Version)","Red (Taylor's Version)",284773,66,0.601,0.622,0.406,0.133,-11.827,0.0275,130.059,3
"30","mad woman","folklore",237258,65,0.592,0.655,0.699,0.114,-8.995,0.0471,141.916,4
"31","The Lucky One (Taylor's Version)","Red (Taylor's Version)",240466,66,0.686,0.066,0.571,0.0608,-7.138,0.05,117.889,4
"32","epiphany","folklore",289749,64,0.354,0.731,0.267,0.0858,-13.69,0.0281,94.219,4
"33","Ours","Speak Now (Deluxe Package)",238173,56,0.61,0.505,0.556,0.0851,-7.369,0.0285,159.838,4
"34","betty","folklore",294521,71,0.593,0.6,0.377,0.0976,-8.761,0.0253,95.939,4
"35","peace","folklore",234000,65,0.647,0.918,0.272,0.0918,-12.906,0.0916,150.044,4
"36","hoax","folklore",220042,65,0.662,0.966,0.181,0.133,-15.065,0.0415,118.819,4
"37","Everything Has Changed (feat. Ed Sheeran) (Taylor's Version)","Red (Taylor's Version)",245426,70,0.498,0.271,0.61,0.223,-5.098,0.0363,79.918,4
"38","I Forgot That You Existed","Lover",170640,72,0.664,0.298,0.316,0.0812,-10.345,0.519,92.875,4
"39","Starlight (Taylor's Version)","Red (Taylor's Version)",220413,65,0.628,0.00324,0.685,0.18,-5.864,0.0358,126.014,4
"40","Begin Again (Taylor's Version)","Red (Taylor's Version)",238866,67,0.519,0.075,0.527,0.132,-7.673,0.0274,78.915,4
"41","Cruel Summer","Lover",178426,84,0.552,0.117,0.702,0.105,-5.707,0.157,169.994,4
"42","The Moment I Knew (Taylor's Version)","Red (Taylor's Version)",285280,65,0.636,0.0494,0.402,0.107,-7.855,0.031,125.952,4
"43","Lover","Lover",221306,84,0.359,0.492,0.543,0.118,-7.582,0.0919,68.534,4
"44","Come Back...Be Here (Taylor's Version)","Red (Taylor's Version)",223333,70,0.46,0.0158,0.632,0.0822,-6.031,0.0302,79.846,4
"45","The Man","Lover",190360,79,0.777,0.0767,0.658,0.0901,-5.191,0.054,110.048,4
"46","The Archer","Lover",211240,70,0.292,0.12,0.574,0.0663,-9.375,0.0401,124.344,4
"47","Girl At Home (Taylor's Version)","Red (Taylor's Version)",220520,63,0.691,0.00955,0.736,0.101,-6.974,0.0326,125.089,4
"48","I Think He Knows","Lover",173386,71,0.897,0.00889,0.366,0.0715,-8.029,0.0569,100.003,4
"49","State Of Grace (Acoustic Version) (Taylor's Version)","Red (Taylor's Version)",321640,63,0.445,0.663,0.131,0.108,-13.778,0.0564,208.918,3
"50","Miss Americana & The Heartbreak Prince","Lover",234146,70,0.662,0.028,0.747,0.138,-6.926,0.0736,150.088,4
"51","Ronan (Taylor's Version)","Red (Taylor's Version)",264253,60,0.623,0.661,0.279,0.193,-10.802,0.031,116.04,4
"52","Paper Rings","Lover",222400,82,0.811,0.0129,0.719,0.0742,-6.553,0.0497,103.979,4
"53","Better Man (Taylor's Version) (From The Vault)","Red (Taylor's Version)",297013,69,0.473,0.214,0.579,0.0877,-5.824,0.0384,73.942,4
"54","Cornelia Street","Lover",287266,72,0.824,0.781,0.624,0.1,-9.728,0.0827,102.012,4
"55","Nothing New (feat. Phoebe Bridgers) (Taylor's Version) (From The Vault)","Red (Taylor's Version)",258812,74,0.606,0.817,0.377,0.154,-9.455,0.0275,101.96,4
"56","Death By A Thousand Cuts","Lover",198533,71,0.712,0.454,0.732,0.319,-6.754,0.0629,94.071,4
"57","London Boy","Lover",190240,74,0.695,0.0246,0.71,0.133,-6.639,0.05,157.925,4
"58","Babe (Taylor's Version) (From The Vault)","Red (Taylor's Version)",224240,70,0.584,0.0538,0.743,0.121,-7.075,0.0931,167.844,4
"59","Message In A Bottle (Taylor's Version) (From The Vault)","Red (Taylor's Version)",225960,75,0.622,0.00188,0.791,0.083,-6.106,0.0535,115.915,4
"60","Soon You'll Get Better (feat. The Chicks)","Lover",201586,65,0.433,0.907,0.182,0.123,-12.566,0.0641,207.476,4
"61","If This Was A Movie","Speak Now (Deluxe Package)",234546,57,0.515,0.154,0.724,0.269,-3.498,0.0267,147.788,4
"62","I Bet You Think About Me (feat. Chris Stapleton) (Taylor's Version) (From The Vault)","Red (Taylor's Version)",285106,75,0.391,0.167,0.715,0.183,-4.516,0.0495,149.654,3
"63","False God","Lover",200306,72,0.739,0.736,0.32,0.111,-10.862,0.239,79.97,4
"64","Forever Winter (Taylor's Version) (From The Vault)","Red (Taylor's Version)",263533,65,0.611,0.256,0.552,0.134,-5.828,0.031,116.012,4
"65","Superman","Speak Now (Deluxe Package)",276266,48,0.582,0.0187,0.817,0.101,-3.718,0.0337,131.983,4
"66","You Need To Calm Down","Lover",171360,77,0.771,0.00929,0.671,0.0637,-5.617,0.0553,85.026,4
"67","Back To December - Acoustic","Speak Now (Deluxe Package)",292533,59,0.541,0.731,0.451,0.197,-6.522,0.027,141.713,4
"68","Run (feat. Ed Sheeran) (Taylor's Version) (From The Vault)","Red (Taylor's Version)",240226,73,0.61,0.817,0.488,0.312,-6.918,0.0293,125.039,4
"69","Afterglow","Lover",223293,75,0.756,0.13,0.449,0.114,-8.746,0.0344,111.011,4
"70","ME! (feat. Brendon Urie of Panic! At The Disco)","Lover",193000,77,0.61,0.033,0.83,0.118,-4.105,0.0571,182.162,4
"71","The Very First Night (Taylor's Version) (From The Vault)","Red (Taylor's Version)",200280,73,0.678,0.00115,0.733,0.104,-5.025,0.0281,121.009,4
"72","Haunted - Acoustic Version","Speak Now (Deluxe Package)",217626,48,0.574,0.841,0.462,0.28,-5.124,0.0252,80.858,4
"73","All Too Well (10 Minute Version) (Taylor's Version) (From The Vault)","Red (Taylor's Version)",613026,84,0.631,0.274,0.518,0.088,-8.771,0.0303,93.023,4
"74","It's Nice To Have A Friend","Lover",150440,65,0.737,0.971,0.175,0.171,-9.912,0.0401,70.008,4
"75","Fearless (Taylor's Version)","Fearless (Taylor's Version)",241591,70,0.569,0.0122,0.741,0.333,-4.963,0.0282,100.118,4
"76","Daylight","Lover",293453,71,0.557,0.808,0.496,0.0772,-9.602,0.0563,149.983,4
"77","Fifteen (Taylor's Version)","Fearless (Taylor's Version)",294419,66,0.559,0.116,0.646,0.32,-4.61,0.0272,95.466,4
"78","Tim McGraw","Taylor Swift",232106,50,0.58,0.575,0.491,0.121,-6.462,0.0251,76.009,4
"79","Picture To Burn","Taylor Swift",173066,57,0.658,0.173,0.877,0.0962,-2.098,0.0323,105.586,4
"80","Love Story (Taylor's Version)","Fearless (Taylor's Version)",235766,75,0.627,0.13,0.792,0.0845,-4.311,0.031,119.054,4
"81","Teardrops On My Guitar - Radio Single Remix","Taylor Swift",203040,58,0.621,0.288,0.417,0.119,-6.941,0.0231,99.953,4
"82","Hey Stephen (Taylor's Version)","Fearless (Taylor's Version)",254254,65,0.788,0.106,0.571,0.0934,-6.135,0.0296,115.99,4
"83","White Horse (Taylor's Version)","Fearless (Taylor's Version)",234515,65,0.423,0.369,0.517,0.177,-7.377,0.0486,185.262,4
"84","A Place in this World","Taylor Swift",199200,50,0.576,0.051,0.777,0.32,-2.881,0.0324,115.028,4
"85","You Belong With Me (Taylor's Version)","Fearless (Taylor's Version)",231124,78,0.632,0.0623,0.773,0.0885,-4.856,0.0346,130.033,4
"86","Cold As You","Taylor Swift",239013,52,0.418,0.217,0.482,0.123,-5.769,0.0266,175.558,4
"87","Breathe (feat. Colbie Caillat) (Taylor's Version)","Fearless (Taylor's Version)",263377,63,0.506,0.156,0.626,0.228,-6.066,0.0287,148.035,4
"88","The Outside","Taylor Swift",207106,49,0.589,0.00491,0.805,0.24,-4.055,0.0293,112.982,4
"89","Tell Me Why (Taylor's Version)","Fearless (Taylor's Version)",200575,61,0.578,0.0222,0.909,0.333,-3.669,0.0628,100.023,4
"90","Tied Together with a Smile","Taylor Swift",248106,48,0.479,0.525,0.578,0.0841,-4.963,0.0294,146.165,4
"91","Stay Beautiful","Taylor Swift",236053,49,0.594,0.0868,0.629,0.137,-4.919,0.0246,131.597,4
"92","You're Not Sorry (Taylor's Version)","Fearless (Taylor's Version)",261842,63,0.506,0.0538,0.444,0.123,-4.99,0.0285,133.873,4
"93","The Way I Loved You (Taylor's Version)","Fearless (Taylor's Version)",243136,80,0.402,0.0033,0.732,0.108,-4.665,0.0484,161.032,4
"94","Should've Said No","Taylor Swift",242200,55,0.476,0.0103,0.777,0.196,-3.771,0.0289,167.964,4
"95","Forever & Always (Taylor's Version)","Fearless (Taylor's Version)",225328,67,0.598,0.0231,0.821,0.143,-4.433,0.0447,128.03,4
"96","Mary's Song (Oh My My My)","Taylor Swift",213080,51,0.403,0.0177,0.627,0.182,-5.28,0.0292,74.9,4
"97","The Best Day (Taylor's Version)","Fearless (Taylor's Version)",245290,60,0.642,0.488,0.576,0.159,-8.524,0.0282,125,4
"98","Our Song","Taylor Swift",201106,58,0.668,0.111,0.672,0.329,-4.931,0.0303,89.011,4
"99","Mine","Speak Now (Deluxe Package)",230773,64,0.621,0.00327,0.78,0.184,-2.934,0.0297,121.038,4
"100","Change (Taylor's Version)","Fearless (Taylor's Version)",279359,60,0.499,0.000191,0.815,0.181,-4.063,0.0341,95.999,4
"101","Back To December","Speak Now (Deluxe Package)",293040,45,0.525,0.113,0.676,0.294,-4.684,0.0294,141.95,4
"102","The Story Of Us","Speak Now (Deluxe Package)",266480,63,0.546,0.00487,0.809,0.0437,-3.621,0.041,139.91,4
"103","Untouchable (Taylor's Version)","Fearless (Taylor's Version)",312107,61,0.393,0.0181,0.531,0.169,-6.112,0.0329,200.391,4
"104","Forever & Always (Piano Version) (Taylor's Version)","Fearless (Taylor's Version)",267833,61,0.546,0.819,0.273,0.137,-9.208,0.0308,118.753,4
"105","Welcome To New York","1989 (Deluxe)",212600,58,0.789,0.0348,0.634,0.302,-4.762,0.0323,116.992,4
"106","Come In With The Rain (Taylor's Version)","Fearless (Taylor's Version)",237338,59,0.476,0.0406,0.564,0.102,-5.677,0.0269,143.929,4
"107","Blank Space","1989 (Deluxe)",231826,84,0.76,0.103,0.703,0.0913,-5.412,0.054,95.997,4
"108","Style","1989 (Deluxe)",231000,80,0.588,0.00245,0.791,0.118,-5.595,0.0402,94.933,4
"109","Superstar (Taylor's Version)","Fearless (Taylor's Version)",263865,58,0.454,0.157,0.555,0.343,-6.69,0.0283,171.862,4
"110","Out Of The Woods","1989 (Deluxe)",235800,68,0.553,0.000743,0.841,0.341,-6.937,0.0396,92.008,4
"111","The Other Side Of The Door (Taylor's Version)","Fearless (Taylor's Version)",238443,64,0.432,0.0279,0.873,0.167,-4.367,0.0577,163.936,4
"112","All You Had To Do Was Stay","1989 (Deluxe)",193293,59,0.605,0.00201,0.725,0.101,-5.729,0.0323,96.97,4
"113","Shake It Off","1989 (Deluxe)",219200,81,0.647,0.0647,0.8,0.334,-5.384,0.165,160.078,4
"114","I Wish You Would","1989 (Deluxe)",207440,61,0.653,0.0158,0.893,0.102,-5.966,0.0538,118.035,4
"115","Bad Blood","1989 (Deluxe)",211933,59,0.646,0.0885,0.794,0.201,-6.104,0.19,170.216,4
"116","Today Was A Fairytale (Taylor's Version)","Fearless (Taylor's Version)",241822,61,0.482,0.0135,0.779,0.296,-5.025,0.0409,158.162,4
"117","Wildest Dreams","1989 (Deluxe)",220440,59,0.55,0.0692,0.688,0.106,-7.416,0.0897,139.997,4
"118","You All Over Me (feat. Maren Morris) (Taylor's Version) (From The Vault)","Fearless (Taylor's Version)",220839,61,0.599,0.816,0.494,0.101,-7.61,0.0372,142.893,4
"119","How You Get The Girl","1989 (Deluxe)",247533,63,0.765,0.00364,0.656,0.0918,-6.112,0.0504,119.997,4
"120","This Love","1989 (Deluxe)",250093,60,0.481,0.678,0.435,0.0928,-8.795,0.0321,143.95,4
"121","I Know Places","1989 (Deluxe)",195706,58,0.602,0.245,0.755,0.178,-4.991,0.071,159.965,4
"122","Clean","1989 (Deluxe)",271000,65,0.815,0.232,0.377,0.1,-7.754,0.0346,103.97,4
"123","Wonderland","1989 (Deluxe)",245560,65,0.422,0.0493,0.692,0.177,-5.447,0.0549,184.014,4
"124","You Are In Love","1989 (Deluxe)",267106,64,0.474,0.707,0.48,0.0903,-8.894,0.0622,170.109,4
"125","New Romantics","1989 (Deluxe)",230466,69,0.633,0.00463,0.889,0.0658,-5.87,0.0715,121.956,4
"126","Love Story (Taylor's Version)","Love Story (Taylor's Version)",235766,73,0.626,0.135,0.79,0.0989,-4.302,0.0311,119.082,4
"127","willow","evermore (deluxe version)",214706,65,0.392,0.833,0.574,0.145,-9.195,0.17,81.112,4
"128","champagne problems","evermore (deluxe version)",244000,67,0.462,0.92,0.24,0.113,-12.077,0.0377,171.319,4
"129","gold rush","evermore (deluxe version)",185320,64,0.512,0.83,0.462,0.121,-10.491,0.0408,112.05,4
"130","â€˜tis the damn season","evermore (deluxe version)",229840,63,0.575,0.735,0.434,0.105,-8.193,0.0312,145.916,4
"131","tolerate it","evermore (deluxe version)",245440,63,0.316,0.878,0.361,0.0797,-10.381,0.0488,74.952,5
"132","no body, no crime (feat. HAIM)","evermore (deluxe version)",215626,63,0.546,0.418,0.613,0.103,-7.589,0.0264,79.015,4
"133","happiness","evermore (deluxe version)",315146,62,0.559,0.87,0.334,0.114,-10.733,0.0376,122.079,4
"134","Mr. Perfectly Fine (Taylor's Version) (From The Vault)","Fearless (Taylor's Version)",277591,68,0.66,0.162,0.817,0.0667,-6.269,0.0521,135.942,4
"135","We Were Happy (Taylor's Version) (From The Vault)","Fearless (Taylor's Version)",244236,62,0.609,0.849,0.373,0.0779,-8.819,0.0263,106.007,4
"136","dorothea","evermore (deluxe version)",225880,61,0.605,0.696,0.488,0.129,-8.322,0.0264,119.966,4
"137","That's When (feat. Keith Urban) (Taylor's Version) (From The Vault)","Fearless (Taylor's Version)",189495,65,0.588,0.225,0.608,0.092,-7.062,0.0365,90.201,4
"138","coney island (feat. The National)","evermore (deluxe version)",275320,62,0.537,0.819,0.537,0.142,-11.266,0.0617,107.895,4
"139","Don't You (Taylor's Version) (From The Vault)","Fearless (Taylor's Version)",208608,64,0.563,0.514,0.473,0.109,-11.548,0.0503,101.934,4
"140","ivy","evermore (deluxe version)",260440,63,0.515,0.855,0.545,0.0921,-9.277,0.0353,88.856,4
"141","cowboy like me","evermore (deluxe version)",275040,62,0.604,0.768,0.517,0.123,-9.014,0.0347,127.967,4
"142","Bye Bye Baby (Taylor's Version) (From The Vault)","Fearless (Taylor's Version)",242157,62,0.624,0.334,0.624,0.0995,-7.86,0.0539,80.132,4
"143","long story short","evermore (deluxe version)",215920,62,0.546,0.66,0.73,0.0972,-7.704,0.0417,157.895,4
"144","...Ready For It?","reputation",208186,74,0.613,0.0527,0.764,0.197,-6.509,0.136,160.015,4
"145","marjorie","evermore (deluxe version)",257773,60,0.535,0.876,0.561,0.115,-11.609,0.0484,96.103,4
"146","End Game","reputation",244826,73,0.649,0.00845,0.589,0.108,-6.237,0.0558,159.073,4
"147","I Did Something Bad","reputation",238253,75,0.696,0.0679,0.602,0.0696,-6.156,0.159,82.989,4
"148","closure","evermore (deluxe version)",180653,59,0.689,0.835,0.704,0.134,-10.813,0.245,151.884,5
"149","evermore (feat. Bon Iver)","evermore (deluxe version)",304106,61,0.39,0.937,0.27,0.111,-10.673,0.0308,125.177,5
"150","Don't Blame Me","reputation",236413,88,0.615,0.106,0.534,0.0607,-6.719,0.0386,135.917,4
"151","right where you left me - bonus track","evermore (deluxe version)",245026,76,0.581,0.769,0.619,0.117,-6.524,0.0282,137.915,4
"152","Delicate","reputation",232253,77,0.75,0.216,0.404,0.0911,-10.178,0.0682,95.045,4
"153","it's time to go - bonus track","evermore (deluxe version)",254640,66,0.592,0.801,0.41,0.09,-12.426,0.0397,151.923,4
"154","Look What You Made Me Do","reputation",211853,79,0.766,0.204,0.709,0.126,-6.471,0.123,128.07,4
"155","I Don't Wanna Live Forever (Fifty Shades Darker)","reputation Stadium Tour Surprise Song Playlist",247160,79,0.731,0.0586,0.445,0.14,-8.418,0.0533,117.97,4
"156","So It Goes...","reputation",227906,66,0.574,0.122,0.61,0.13,-7.283,0.0732,74.957,4
"157","Gorgeous","reputation",209680,76,0.8,0.0713,0.535,0.213,-6.684,0.135,92.027,4
"158","This Love (Taylor's Version)","This Love (Taylor's Version)",250100,81,0.47,0.302,0.494,0.0672,-8.672,0.0349,144.039,4
"159","Wildest Dreams (Taylor's Version)","This Love (Taylor's Version)",220433,65,0.587,0.0354,0.663,0.0902,-7.423,0.0599,139.99,4
"160","Getaway Car","reputation",233626,79,0.562,0.00465,0.689,0.0888,-6.745,0.127,172.054,4
"161","King Of My Heart","reputation",214320,71,0.675,0.00882,0.703,0.0391,-7.902,0.0382,110.01,4
"162","Dancing With Our Hands Tied","reputation",211506,70,0.624,0.0604,0.691,0.138,-6.686,0.196,160.024,4
"163","Dress","reputation",230373,72,0.719,0.0329,0.469,0.169,-8.792,0.0533,120.085,4
"164","This Is Why We Can't Have Nice Things","reputation",207133,69,0.567,0.0156,0.789,0.382,-5.986,0.115,163.96,4
"165","Call It What You Want","reputation",203506,72,0.598,0.186,0.504,0.34,-9.874,0.0731,163.954,4
"166","New Year's Day","reputation",235466,67,0.661,0.921,0.151,0.13,-12.864,0.0354,94.922,4
"167","Mine - POP Mix","Speak Now (Deluxe Package)",230546,49,0.696,0.00461,0.768,0.101,-3.863,0.0308,121.05,4
"168","Sparks Fly","Speak Now (Deluxe Package)",260946,57,0.608,0.0387,0.785,0.158,-2.976,0.0311,114.985,4
"169","Back To December","Speak Now (Deluxe Package)",293040,66,0.517,0.0202,0.606,0.324,-5.797,0.0289,141.929,4
"170","Speak Now","Speak Now (Deluxe Package)",240773,55,0.708,0.101,0.601,0.0979,-3.75,0.0306,118.962,4
"171","Dear John","Speak Now (Deluxe Package)",403887,58,0.583,0.183,0.468,0.111,-5.378,0.0278,119.375,3
"172","Mean","Speak Now (Deluxe Package)",237746,59,0.57,0.445,0.747,0.219,-3.978,0.0426,164.004,4
"173","The Story Of Us","Speak Now (Deluxe Package)",265636,52,0.575,0.000315,0.855,0.0419,-4.827,0.0467,139.92,4
"174","Never Grow Up","Speak Now (Deluxe Package)",290480,50,0.715,0.829,0.308,0.16,-8.829,0.0305,124.899,4
"175","Enchanted","Speak Now (Deluxe Package)",352200,73,0.535,0.0716,0.618,0.169,-3.913,0.0273,81.975,4
"176","Better Than Revenge","Speak Now (Deluxe Package)",217173,59,0.519,0.0167,0.917,0.359,-3.185,0.0887,145.882,4
"177","Innocent","Speak Now (Deluxe Package)",302266,49,0.553,0.202,0.604,0.125,-5.295,0.0258,133.989,4
